ExperimentId,A,B,C,D,E,F
1,243.2,388.94,281.2,986.91,386.49,715.64
2,938.45,340.67,168.59,782.08,254.28,155.04
3,717.01,689.11,323.23,260.23,249.39,167.25
4,880.93,501.3,778.14,512.38,641.35,920.34
5,94.93,58.9,733.69,522.95,182.62,250.35
6,814.31,160.5,481.63,829.51,19.81,583.49
7,570.04,867.99,751.24,6.07,49.92,746.93
8,363.74,213.38,24.12,613.08,592.81,127.87
9,106.88,679.68,305.35,594.83,44.67,54.85
10,777.73,576.68,118.45,62.33,496.02,214.94
11,315.43,992.88,447.11,887.51,585.79,718.78
12,937.21,913.19,446.52,783.26,523.07,115.83
13,194.17,320.02,983.06,555.24,597.19,728.46
14,183.87,175.79,246.47,440.08,203.95,635.71
15,472.73,358.22,18.22,453.2,207.08,375.38
16,14.66,145.59,180.98,749.23,164.85,345.53
17,292.84,926.9,606.1,508.76,594.29,540.31
18,87.36,452.07,490.43,175.03,122.75,226.47
19,708.18,780.8,899.92,450.8,347.74,754.68
20,478.13,190.16,601.21,875.9,303.56,609.83
21,563.46,597.76,596.67,908.4,533.69,833.02
22,577.53,322.39,121.37,354.73,430.07,647.27
23,282.16,561.31,164.53,462.42,337.75,704.19
24,646.6,236.95,488.73,60.76,259.87,498.56
25,396.58,867.39,850.85,27.99,999.75,178.48
26,558.3,459.6,788.28,683.38,70.8,214.14
27,220.58,394.26,862.99,239.99,546.46,483.59
28,734.37,538.4,121.01,690.19,383.35,931.8
29,135.39,777.1,371.86,829.26,275.12,433.45
30,303.31,649.37,998.92,170.07,838.4,203.56
31,788.63,468.9,811.47,624.34,69.95,854.98
32,413.34,423.8,714.59,404.92,58.6,904.24
33,996.39,287.26,559.01,232.4,191.97,455.08
34,409.14,213,893.01,96.36,21.71,197.15
35,298.65,10.33,923.28,510.63,495.39,691.27
36,361.93,76.66,826.59,96.18,735.9,805.37
37,331.66,878.16,505.44,610.31,547.28,413.42
38,219.39,717.06,164.41,845.99,785.62,936.28
39,285.16,441.53,360.04,818.61,423.8,824.47
40,591.17,264.55,15.46,334.9,296.35,805.05
41,645.11,911.56,833.83,63.24,796.86,881.6
42,618.7,694.09,26.48,396.3,60.11,342.05
43,985.13,76.83,888.92,302.7,9.72,492.52
44,922.63,788.91,558.01,663.65,901.9,99.5
45,113.85,482.32,396.02,388.73,514.88,256.26
46,174.36,483.71,922.8,921.86,803.13,921.13
47,318.18,875.97,506.84,946.39,486.12,490.07
48,627.7,317.56,321.95,752.94,796.87,720.35
49,881.74,966.39,715.2,500.46,903.03,16
50,534,185.01,705.23,608.1,611.1,345.14
51,279.47,865.57,288.76,445.55,430.26,841.53
52,218.36,77,480.09,724.43,855.89,79.33
53,389.44,21.46,931.72,161.67,363.3,255.39
54,780.03,95.07,697.94,17.54,462.31,262.66
55,947.65,734.13,897.86,800.68,734.98,161.28
56,95.8,193.38,580.47,716.32,774.51,924.41
57,156.51,536.83,490.68,462.74,71.41,324.01
58,410.79,709.64,145.56,566.51,525.45,88.43
59,562.4,100.72,961.28,912.42,250.24,441.54
60,679.86,604.83,539.34,389.13,393.47,1000.02
61,549.37,600.74,556.07,707.26,314.6,101.02
62,403.78,283.44,361.51,475.67,379.83,599.91
63,811.05,530.92,64.41,110.72,309.81,182.18
64,414.91,280.2,436.05,13.37,173.59,149.29
65,934.76,859.88,958.65,780.88,295.26,602.1
66,678.69,754.62,167.84,629.33,814.89,834.77
67,431.68,642.75,460.03,588.3,92.45,586.73
68,807.16,589.06,132.68,719.83,423.47,826.36
69,630.45,242.42,895.96,406.48,384.76,205.01
70,129.13,220.7,297.43,432.18,345.42,122.98
71,73.16,335.26,900.63,737.45,321.37,999.63
72,182.9,403.16,413.47,572.92,966.81,739.26
73,719.4,978.14,274.83,23.32,812.67,817.95
74,499.19,7.23,637.1,158.25,909.36,224.51
75,297.94,964.64,3.19,302.92,18.96,314.17
76,702,960.18,357.11,886.49,912.54,480.8
77,982.32,749.18,641.59,484.13,510.57,296.11
78,432.25,444.78,615.47,87.28,208.5,733.87
79,690.95,473.4,567.4,309.52,747.74,352.33
80,449.64,411.71,457.29,950.79,561.39,614.37
81,98.84,85.55,223.86,970.32,12.21,735.73
82,203.38,718.98,40.96,855.15,990.7,474.61
83,857.21,840.13,569.92,839.57,424.38,180.77
84,518.64,622.3,470.45,621.36,207.04,583.28
85,436.56,588.85,461.93,529.22,103.24,249.46
86,79.48,593.25,603.65,449.07,141.82,116.68
87,328.15,803.98,875.06,235.48,301.59,799.9
88,153.59,822.46,445.07,208.33,259.31,802.4
89,773.63,261.01,397.33,324.72,548.86,527.37
90,785.48,644.46,618.07,990.22,222.01,939.9
91,394.91,601.37,637.94,14.31,121.92,147.59
92,932.56,856.32,363.3,549.89,45.64,986.66
93,866.31,598.4,586.76,34.67,715.09,40.84
94,871,442.33,496.12,896.98,352.83,240.41
95,91.67,927.83,218.25,911.01,834.22,955.42
96,594.06,237.51,570.92,600.6,343.36,612.45
97,427.67,651.69,518.46,531.59,689.22,210.64
98,619.05,459.14,255.8,92.35,29.94,484.03
99,777.41,58.68,559.71,474.79,601.07,387.73
100,837.18,345.7,588.01,705.01,846.84,235.81
101,734.36,243.6,605.54,413.56,664.78,96.05
102,497.43,496.71,489.45,541.36,329.13,856.98
103,57.24,848.94,760.84,490.06,644.27,324.15
104,50.75,969.34,580.75,234.78,664.79,366.65
105,130.8,159.16,851.79,99.78,76.62,343.16
106,673.15,271.86,155.28,23.14,412,586.87
107,322.06,576.23,809.97,187.54,835.36,128.15
108,888.56,395.56,444.81,556.99,178.17,478.48
109,420.15,114.99,345.62,112.07,204.62,873.25
110,372.24,254.49,31,874.57,52.63,494.92
111,408.24,957.34,355.86,542.15,263.17,467.42
112,833.94,413.67,771.62,286.83,139.29,454.2
113,969.09,613.31,777.73,778.58,616.48,598.04
114,116.79,114.81,595.15,370.64,523.76,228.99
115,23.34,567.66,271.1,35.3,928.27,254.24
116,97.87,136.26,372.45,970.62,857.64,595.67
117,649.79,174.15,272.21,268.79,78.92,929.52
118,893.62,255.74,535.77,697.45,551.56,207.34
119,253.28,743.46,567.19,810.24,925.85,997.39
120,241.27,586.5,545.04,342.86,736.83,440.17
121,814.65,431.15,527,673.86,915.3,323.94
122,992.61,876.74,37.46,989.23,862.63,171.61
123,496.61,536.59,243.3,279.45,475.68,780.65
124,599.34,893.59,645.67,786.16,169.21,266.27
125,909.53,315.9,581.87,314.01,710.69,752.96
126,624.7,919.3,181.78,977.8,527,611.47
127,594.52,998.52,54.08,695.45,722.37,652.53
128,89.46,590.71,992.5,61.67,97.76,363.91
129,477.4,406.07,596.5,764.14,355.09,654.32
130,313.2,69.78,332.82,48.29,836.88,321.07
131,578.74,886.74,864.47,787.8,862.37,351
132,90.67,939.38,628.09,392.86,788.35,784.87
133,559.73,451.09,315.57,353.75,396.08,585.34
134,868.66,221.03,243.73,726.83,638.91,440.48
135,793.23,548.54,93.43,666.09,904.88,60.34
136,157.73,449.83,803.48,738.74,830.73,73.15
137,21.28,659.98,11.06,145.2,656.28,691.48
138,27.41,480.92,705.23,197.07,144.34,338.09
139,757.27,250.1,783.28,111.17,837.18,475.91
140,96.74,396.61,21.46,893.42,740.28,162.27
141,456.43,638.73,937.57,986.07,117.91,326.1
142,351.93,713.49,307.05,805.43,33.38,183.15
143,525.42,296.64,495.37,406.9,414.35,457.84
144,215.15,158.06,427.97,861.13,662.63,692.21
145,37.53,320.67,176.32,21.09,743.5,333.96
146,748.12,343.77,5.97,176.71,307.95,990.6
147,466.65,343.08,529.94,567.83,987.95,440.11
148,913.37,113.4,787.38,25.51,350.33,23.44
149,884.8,83.82,784.42,658.45,573.4,703.85
150,580.55,769.23,930.7,396.07,191.37,774.96
151,288.85,228.79,920.17,637.76,777.35,48.72
152,977.03,134.4,634.64,837.95,521.55,451.73
153,65.73,968.73,910.94,215.27,59.2,852.45
154,596.91,8.23,720.89,426.86,914.75,10.12
155,169.3,698.03,841.72,664.66,331.51,439.86
156,644.72,376.87,76.13,862.67,1.86,484.06
157,637.11,692.52,254.09,77.6,515.05,287.42
158,750.55,930.93,309.4,556.36,433.97,659.86
159,896.05,729.96,428.9,654.48,496.41,384.24
160,205.96,420.99,160.19,930.46,709.26,862.04
161,806.6,376.15,145.41,130.76,912.48,398.4
162,834.75,411.9,45.52,593.35,605.92,617.6
163,254.85,504.57,17.54,895.17,138.47,737.17
164,177.68,160.54,390.31,620.52,627.91,730.85
165,858.01,289.22,704.41,17.7,802.98,372.95
166,32.63,906.25,912.58,408.9,599.07,612.72
167,113.48,822.74,720.29,510.14,583.48,411.37
168,152.03,959.85,309.55,19.25,281.64,195.98
169,423.2,875.96,971.11,92.93,716.17,539.37
170,774.4,797.21,907.73,511.58,29.05,391.67
171,854.09,372.46,927.52,853.91,920.18,474.72
172,757.41,774.98,306.92,696.42,599.42,209.47
173,124.27,958.24,579.53,868.99,663.7,580.98
174,279.45,23.32,118.76,977.96,720.92,631.19
175,926.33,459.69,184.48,63.77,785.87,253.41
176,755.25,427.79,177.54,646.68,436.69,827.09
177,269.45,981.71,554.65,825.2,544.91,365.19
178,500.33,592.62,545.01,533.64,850.58,587.72
179,49.14,146.71,364.7,282.51,422.95,523.75
180,506.43,662.61,954.75,3.69,113.55,133.29
181,32.77,796.87,756.18,5.81,197.41,829.83
182,209.15,608.71,486.3,706.01,577.96,645.58
183,137.24,963.65,789.07,202.67,983.29,311.72
184,371.37,627.06,84.32,170.04,194.41,250.52
185,38.53,946.91,155.54,143.72,234.44,593.89
186,223.73,30.52,614.42,302.38,94.96,620.62
187,9.35,98.52,29.71,244.11,866.25,762.94
188,48.54,155.24,707.42,733.45,307.66,51.16
189,294.03,375.22,293.35,888.59,707.22,210.71
190,537.17,992.38,829.76,960.46,415.14,965.7
191,543.54,814.12,507.86,661.85,948.85,388.75
192,76.54,640.43,125.79,759.65,308.06,614.62
193,439.26,246.08,976.5,828.51,344.2,895.95
194,713.97,623.6,367.12,198.62,942.87,320.7
195,182.94,928,17.15,818.9,819.76,269.79
196,578.73,72.73,300.47,921.35,715.07,437.3
197,369.01,280.35,197.8,499.59,360.16,758.35
198,259.15,932.72,715.96,582.38,582.44,918.33
199,846.51,363.4,580.73,700.64,679.95,713.81
200,18.44,618.75,798.69,498.22,303,950.15
201,725.9,788.62,351.69,382.15,953.33,428.27
202,399.34,22.51,448.4,347.15,220.27,556.63
203,575.6,116.44,117.85,680.61,870.01,484.5
204,317.11,854.61,311.41,310.73,120.83,51.46
205,274.71,330.96,565.49,986.61,165.9,174.77
206,178.07,774.88,786.64,862.18,482.36,434.82
207,196.16,607.95,378.08,170.75,420.51,70.3
208,683.37,376.46,100.62,600.66,932.19,669.72
209,561.25,767.57,938.45,223.54,133.41,461.17
210,571.4,882.04,452.52,734.32,777.85,791.28
211,98.86,904.32,897.94,830.78,616.48,791.35
212,912.43,450.95,857.91,866.5,676.4,175.78
213,278.66,942.17,670.27,210.41,470.22,887.71
214,883,119.62,121.2,407.4,467.18,789.98
215,69.75,192.26,189.44,398.54,735.3,967.93
216,902.53,77.11,506.59,612.81,274.71,33.22
217,382.13,202.2,341.12,149.35,850.16,638.61
218,670.81,301.55,618.23,989.55,809.54,259.84
219,232.57,336.21,513.28,987.19,139.57,432.96
220,354.81,677.25,533.15,608.96,837.27,685.81
221,566.63,910.86,273.41,343.71,885.64,174.55
222,730.13,466.82,79.92,940.49,344.83,749.6
223,201.96,276.16,188.1,368.57,44.96,702.52
224,825.01,546.69,598.7,33.62,17.43,145.3
225,462.66,360.6,796.72,556.05,483.9,37.09
226,809.49,693.79,187.27,238.97,38.22,965.45
227,530.57,503.66,69.85,860.2,810.11,581.65
228,59.37,951.31,165.84,438.54,21.93,971.8
229,819.12,609.45,87.03,783.76,563.18,353.93
230,158.73,679.42,718.92,485.6,286.22,326.07
231,73.07,466.63,908.92,989.25,464.71,664.35
232,616,400.53,561.62,558.17,236.96,53.55
233,563.28,5.15,512.26,806.45,558.71,717.29
234,708.18,404.28,281.29,430.68,536.62,837.97
235,368.52,757.98,142.53,861.44,467.01,262.18
236,997.32,844.27,825.57,711.04,84.94,668.85
237,784.08,172.26,327.26,757.35,912.82,430.71
238,835.19,950.71,613.7,853.01,694.37,89.25
239,993.76,807.99,906.18,651.76,184.54,356.31
240,206.31,602.36,988.99,727.94,516.49,519.51
241,672.53,661.96,729.12,609.91,619.74,376.9
242,542.28,153.67,138.92,773.27,493.77,503.07
243,516.15,89.27,27.25,128.48,289.42,78.82
244,882.15,951.03,229.06,216.35,993.3,746.07
245,201.21,456.03,729.53,66.01,730.16,840.7
246,897.29,137.17,795.57,181.63,797.26,105.1
247,689.09,20.16,56.18,854.38,459.6,587.76
248,764.33,5.79,887.37,691.84,483.4,192.36
249,281.17,233.18,106.47,836.89,309.12,771.37
250,831.48,812.04,409.54,245.94,373.36,895.97
251,521.63,204.61,387.67,50.97,504.44,407.23
252,413.12,822.42,560.2,343.89,747.46,598.91
253,194.06,106.28,32.88,335.11,9.11,765.3
254,755.73,137,342.43,914.58,359.9,443.89
255,911.76,357.58,373.85,154.02,621.51,964.87
256,972.36,572.87,455.44,347.41,12.76,825.83
257,369.29,606.99,141.38,176.32,614.63,407.68
258,611.03,474.21,810.71,82.13,274.55,570.62
259,443.38,403.23,93.38,136.71,178.02,342.49
260,408.11,267.27,932.2,744.32,66.95,382.25
261,272.11,120.16,210.33,346.67,365.43,160.97
262,268.56,837.43,410.52,813.36,743.61,89.17
263,358.78,417.69,9.77,714.85,612.36,880.72
264,489.86,531.03,721.08,478.53,415.79,330.37
265,587.37,607.04,520.82,881.63,44.61,154.45
266,891.96,182.26,632.36,244.01,982.63,292.07
267,268,186.29,737.54,271.9,173.83,687.97
268,864.57,867.12,61.38,335.94,361.71,226.81
269,638.96,544.7,34.94,190.63,732.57,41.46
270,823.8,956.77,433.74,157.36,82.46,982.65
271,437.28,649.86,533.59,826.84,317.52,271.66
272,981.47,588.39,446.08,89.73,482.5,639.33
273,615.88,573.36,584.61,606.48,957.89,315.84
274,676.67,892.22,49.84,335.97,696.33,169.41
275,868.22,905.61,938.18,78.81,1000.74,943.91
276,451.41,707.61,837.5,579.35,550.37,30.93
277,265.22,880.32,156.42,702.33,520.06,912.01
278,142.44,897.48,914.63,577.69,235.01,870.03
279,522.36,665.11,758.34,228.85,94.63,276.23
280,737.83,771.9,907.56,564.52,851.89,826.05
281,922.13,371.7,723.49,363.9,195.44,742.6
282,965.12,920.52,510.9,736.6,255.45,237.99
283,280.11,134.11,396.46,265.21,690.77,608.26
284,883.12,877.45,204.51,81.77,813.35,192.7
285,873.03,23.04,336.09,188.22,455.74,338.3
286,358.19,880.99,104.44,94.29,214.86,12.62
287,559.1,874.32,252.32,608.33,733.05,941.43
288,669.41,955.43,274.33,363.8,395.09,524.62
289,751.77,918.45,772.99,358.71,519.02,498.25
290,296.59,160.55,854.15,860.23,161.96,291.36
291,362.78,587.94,346.51,561.94,299.6,359.56
292,846.27,285.59,777.04,893.74,475.64,376.02
293,218.34,235.39,492.1,933.92,957.95,343.74
294,57.72,256.5,992.31,717.04,553.64,510.49
295,309.77,231.46,723.54,449.14,470.98,745.2
296,667.32,794.86,473.72,538.31,78.45,393.36
297,654.02,190,807.78,792.05,345.76,595.95
298,554.87,462.5,97.03,998.22,185.22,374.14
299,719.68,115.39,415.4,416.06,362.32,72.61
300,380.87,285.65,550.41,175.36,295.66,152.68
301,975.25,683.75,384.75,982.97,489.47,547.66
302,427.13,952.49,526.22,269.34,800.04,24.05
303,309.65,163.17,304.38,496.1,135.88,304.85
304,1000.29,370.03,779.11,519.48,691.12,481.75
305,839.03,334.93,619.41,518.87,798.61,573.62
306,682.4,575.35,625.45,207.16,924.86,440.7
307,951.36,791.67,686.04,1000.19,668.16,405.34
308,799.51,422.94,962.34,126.4,814.06,880.94
309,693.04,523.87,121.56,313.62,75.04,239.25
310,733.42,362.57,162.1,395.92,351.77,227.92
311,617.01,323.84,554.97,529.13,894.39,466.63
312,855.18,270.96,888.34,830.78,357.72,49.68
313,692.1,953.36,931.69,85.59,257.12,76.42
314,879.49,254.24,979.08,779.77,461.38,918.15
315,516.45,69.8,373.69,41.12,229.47,171.91
316,804.13,181.55,760.34,265.53,95.48,957.68
317,542.83,769.09,448.23,112.25,226.12,708.83
318,318,795.32,724.99,570.65,427.93,556.21
319,767.78,718.86,154.9,217.97,143.9,202.71
320,972.18,260.69,513.16,734.53,1.92,521.42
321,612.69,773.64,403.29,579.02,533.8,47.73
322,619.71,486.12,275.17,26.96,122.44,870.82
323,693.07,549.58,977.96,570.66,408.05,127.33
324,179.22,629.48,33.17,436.33,381.63,472.34
325,499.97,477.99,27.9,85.77,175.35,476.41
326,88.3,303.56,839.71,851.61,673.92,405.68
327,995.68,853.48,206.38,295.18,779.33,320.91
328,631.99,216.5,916.26,801.8,45.29,761.43
329,319.28,447.47,509.14,746.35,824.33,235.74
330,406.24,759.51,466.7,884.01,89.43,946.32
331,585.1,607.37,740.26,558.93,871.25,97.22
332,940.1,510.99,104.16,837.92,658.6,578.93
333,126.02,551.89,995.74,739.56,171.5,82.13
334,199.85,736.33,740.32,731.01,477.83,909.17
335,527.63,549.31,750.34,821.22,583.61,148.81
336,127,652.5,544.08,207.02,806.23,587.19
337,221.32,769.49,135.06,328.96,176.19,581.72
338,157.9,960.47,618.37,334.41,532.46,418.83
339,652.2,469.6,339.96,698.01,853.32,844.26
340,927.99,980.77,590.35,680.42,539.21,296.64
341,528.16,286.28,869.18,580.77,737.68,402.47
342,459.86,520.45,548.6,727.31,866.64,207.15
343,264.03,905.82,81.39,773.55,601.05,720.91
344,677.47,473.91,179.41,998.96,935.96,977.8
345,368.98,694.5,994.46,292.81,136.29,32.07
346,807.02,56.4,291.66,439.44,663.31,979.59
347,574.85,261.1,836.88,411.91,531.66,810.1
348,840.19,686.23,38.84,306.28,685.06,602.73
349,191.31,281.34,464.89,883.67,28.99,282.37
350,805.92,750.6,808.39,39.15,166.37,666.76
351,670.24,334.8,452.83,201.92,669.46,262.61
352,129.99,146.37,502.26,488.96,314.43,483.54
353,865.85,847.36,540.25,781.23,445.92,118.48
354,941.57,538.32,140.08,151.25,851.08,206.3
355,770.35,718.91,815.53,26.41,255.37,556.46
356,121.3,321.28,784.31,10.86,916.92,366.01
357,934.18,677.69,386.62,204.29,817.82,463.89
358,485.26,3.45,291.87,899.03,144.43,666.43
359,626.5,303.02,941.41,50.47,716.6,766.63
360,988.6,992.4,101,526.23,482.16,166.13
361,413.43,305.83,545.9,283.1,511.2,474.62
362,889.57,389.92,365.31,269.43,288.33,376.41
363,290.76,421.34,556.66,727.54,646.88,712.27
364,561.15,143.11,341.74,250.74,262.1,77.77
365,319.65,462.45,903.81,696.28,66.44,495.63
366,960.83,422.36,321.82,813.43,127.63,809.32
367,464.71,52.49,60.78,305.74,902.03,212.47
368,565.07,4.41,471.48,603,404.59,909.39
369,911.67,576.87,930.76,648.57,572.31,944.36
370,61.18,65.84,794.51,433.46,803.21,151.86
371,434.8,494.7,705.39,540.06,146.3,391.38
372,752.27,315.41,942.35,525.8,34.69,393.23
373,101.48,299.43,690.05,440.9,870.06,383.04
374,257.02,794.53,143.78,483.29,859.25,398.71
375,163.38,131.45,580.64,915.49,137.1,236.37
376,86.05,165.04,133.48,903.49,905.97,245.54
377,282.12,982.5,543.32,689.19,451.47,979.05
378,624.49,93.94,646.83,573.43,888.13,971.4
379,495.71,854.77,74.83,312.86,144.23,694.2
380,926.56,851.9,238.69,34.18,557.32,213.27
381,810.96,455.01,453.34,419.95,663.02,406.74
382,538.16,78.31,747.1,931.13,14.5,586.53
383,547.46,510.67,712.93,299.84,26.91,675.03
384,404.76,213.45,807.34,518.57,660.24,654
385,400.13,454.08,902.31,336.07,65.13,807.82
386,810.16,307.26,71.63,455.12,958.21,625.89
387,321.99,717.43,474.92,117,401.71,577.85
388,667.11,71.97,842.56,453.4,38.84,31.96
389,30.22,64,515.52,53.62,224.37,460.74
390,604.05,247.33,314.92,998.95,892.73,338.05
391,661.46,679.9,107.58,471.69,352.8,252.7
392,683.48,286.41,264.14,790.77,232.64,447.11
393,586.21,125.99,676.53,729.87,572.31,991.49
394,553.09,652.04,814.81,342.86,708.15,646.4
395,332.82,93.18,923.11,98.22,379.55,929.85
396,674.36,445.11,379.82,933.83,416.32,891.06
397,677.26,119.21,173.39,186.83,547.89,966.36
398,525.76,848.43,362.18,514.32,599.63,760.32
399,769.19,802.66,132.55,428.08,796.65,956.41
400,281.17,955.35,290.43,355.25,489.08,496.01
401,100.06,832.83,984.47,874.21,407.92,246.54
402,483.17,965.8,453.63,237.46,790.48,531.31
403,228.25,2.98,961.41,527.23,228.11,802.64
404,337.09,821.07,437.77,263.34,446.8,48.92
405,123.62,424.68,805.68,836.41,882.33,274.7
406,622.42,346.01,661.21,331.25,819.16,483.13
407,566.52,826.14,50.93,458.94,237.54,10.9
408,428.49,800.27,474.92,669.43,110.99,714.78
409,453.99,672.62,38.19,872.62,191.69,995.01
410,625.1,317.12,191.1,319.4,78.31,697.37
411,956.86,970.38,729.93,965.53,222.93,152.57
412,426.14,979.79,589.32,601.04,186.97,318.27
413,810.61,318.55,405.81,760.91,766.62,553.61
414,859.31,666.51,163.24,108.37,356.75,621.24
415,332.11,483.13,121.4,508.23,658.01,820.09
416,723.72,221.16,595.34,528.16,359.8,81.74
417,625.34,133.25,865.88,294.98,466.4,415.32
418,564.4,242.51,127.34,117.21,512.75,278.89
419,354.32,320.19,660.84,360.97,55.42,730.24
420,970.72,770.78,617.16,789.1,567.13,377.18
421,587.03,147.31,748.36,220.77,188.15,862.97
422,895.29,759.88,86.72,28.72,300.45,63.42
423,898.17,285.46,548.58,885.13,755.9,413.69
424,385.54,396.42,467.96,82.88,937.21,658.87
425,21.6,479.26,29.32,595.93,706.39,751.27
426,426.84,260.93,706.87,890.97,23.03,158.79
427,546.74,649.87,399.02,94.29,458.44,746.17
428,262.61,937.62,90.48,307.51,413.22,561.39
429,214.45,170.79,733.57,867.28,751.27,727.23
430,818.31,400.82,3.97,8.99,659.67,787.9
431,255.22,339.17,637.65,586.34,546.43,804.19
432,356.19,725.1,61.15,208.28,305.21,281.68
433,285.4,740.2,940.76,872.25,123.44,876.91
434,809.73,187.82,789.19,307.93,256.51,694.36
435,177.17,793.74,316.06,981.62,983.09,64.93
436,733.5,397.13,986.33,627.58,987.11,759.69
437,272.78,983.74,555.43,868.14,517.5,465.69
438,220.17,126.32,902.48,791.65,368.41,83.42
439,614.68,249.52,400.23,566.31,545.98,945.34
440,546.4,391.13,208.66,1.37,435.46,8.25
441,792.18,606.93,928.76,196.2,243.85,390.97
442,725.81,616.46,434.5,700.14,429.23,20.6
443,743.27,420.69,760.21,282.57,256.59,178.18
444,504.72,779,217.36,302.72,754.36,84.1
445,438.44,624.78,645.68,651.1,456.89,453.09
446,974.79,948.83,804.48,218.15,563.25,680.42
447,8.98,861.92,921.7,680.86,377.98,23.35
448,330.87,498.86,706.62,96.86,876.95,857.2
449,879.95,382.25,252.82,6.26,752.02,174.24
450,943.35,6.82,184.17,43.86,106.06,777.15
451,651.17,125.41,847.88,111.83,275.16,872.82
452,751.08,787.44,439.3,676.9,355.09,723.35
453,258.3,834.45,116.05,364.52,69.68,648.01
454,473.84,958.73,103.91,133.78,466.67,951.62
455,498.95,455.64,615.08,607.05,227.27,969.3
456,724.75,544.93,317.37,708.48,911.11,140.09
457,771.28,736.58,828.33,36.32,147.39,308.08
458,440.87,721.1,365.86,565.49,803.08,468.19
459,715.09,542.61,61.52,386.91,673.79,558.4
460,61.28,250.27,611.51,116.5,562.06,240.49
461,458.86,368.57,667.37,497.36,880.92,980.96
462,197.4,876.92,136.49,980.79,371.8,900.39
463,477.15,268.52,763.54,250.32,976.75,625.7
464,313.05,385.12,914.26,491.05,466.33,317.25
465,336.26,250.96,101.33,212.05,621.94,519.76
466,553.89,143.37,203.95,319.66,768.59,209.25
467,110.52,899.35,550.64,394.65,799.83,231
468,110.28,600.8,408.03,698.67,525.5,895.49
469,733.38,723.52,978.06,110.57,558.97,470.67
470,463.04,822.83,238.62,914.69,490.57,819.03
471,46.42,541.71,535.02,583.33,873.57,80.1
472,449.45,949.43,215.66,435.93,174.28,79.6
473,770.93,563.04,876.42,232.63,163.05,91.83
474,524,85.07,339.6,920.17,802.1,345.54
475,99.33,648.16,26.79,773.35,726.67,196.11
476,431.07,740.11,164.85,41.07,716.5,836.13
477,786.82,852.8,531.76,755.49,813.27,433.84
478,835.39,919.2,742.36,639.04,736.48,791.76
479,744.13,123.57,929.64,992.51,508.27,789.05
480,649.83,696.81,431.89,405.49,179.11,396.71
481,206.15,335.78,183.27,978.98,111.13,328.51
482,408.22,974.65,777.28,562.36,884.26,586.26
483,6.5,760.14,337.61,907.44,685.16,427.19
484,405.54,702.25,487.99,700.59,404.67,406.57
485,617.78,785.8,143.19,220.1,813.54,61.48
486,171.73,512.62,299.47,209.58,706.73,732.39
487,709.16,225.44,667.65,944.06,813.41,499.26
488,210.83,262.84,43.96,745.13,695.44,82.09
489,108.62,280.56,692.84,414.41,719.89,481.49
490,312.1,323.01,366.38,708.14,116.17,552.94
491,58.06,552.16,154.29,752.14,100.81,181.27
492,11.13,61.53,223.92,230.4,838.29,679.47
493,909.17,648.45,958.03,806.1,126.82,79.35
494,270.72,940.02,316.21,440.12,412.22,98.16
495,634.4,195,753.82,496.68,431.31,997.2
496,331.53,417.43,11.75,274.51,41.89,275.11
497,181.62,318.66,614.02,500.27,637.36,230.89
498,918.81,176.84,711.39,821.3,32.23,136.01
499,148.24,802.07,726.31,498.73,167.97,616.6
500,892.94,230,349.46,803.19,758.36,855.64
501,954.97,327.04,480.93,704.47,204.91,161.32
502,304.56,312.67,270.51,539.11,544.73,159.73
503,48.28,746.01,531.31,851.88,795.9,944.13
504,158.66,853.88,587.06,977.25,229.21,664.22
505,604.93,645.31,128.58,563.55,48,901.2
506,7.82,510.96,519.69,457.01,10.38,142
507,848.23,128.09,852.99,913.07,720.23,443.53
508,911.88,576.78,987.38,778.95,977.06,484.07
509,234.12,853.79,198.62,516.3,381.27,772.91
510,701.85,659.48,883.97,285.88,499.53,320
511,616.49,54.58,807.13,100.98,231.95,19.15
512,865.16,584.3,590.85,272.91,73.1,329.47
513,742.61,259.72,383.72,575.64,408.32,36.57
514,701.1,165.39,614.02,111.34,547.1,235.63
515,259.77,391.09,177.21,309.83,979.44,624.44
516,564.09,249.23,506.24,505.52,415.65,775.81
517,847.63,112.22,972.57,805.17,944.24,842.61
518,970.55,287.27,395.58,217.75,518.3,288.07
519,321.63,58.4,416.66,968.77,393.75,111.62
520,432.73,922.26,745.46,857.64,654.64,374.54
521,765.24,805.91,22.21,532.1,883.98,173.3
522,229.36,881.23,886.76,384.27,233.77,283.23
523,566.89,690.59,816.86,678.17,4.32,939.52
524,124.18,665.94,61.07,573.19,45.82,594.68
525,354.06,198.91,252.87,917.4,407.82,212.94
526,226.08,342.06,466.1,746.82,118.27,220.35
527,748.62,544.17,212.41,562.95,506.7,456.71
528,640.13,500.91,950.66,165.26,121.74,825.08
529,552.17,625.97,726.58,735.39,557.48,818.94
530,471.96,625.08,435.58,311.94,153.12,468.16
531,730.22,891.62,721.58,252.73,758.79,901.07
532,942.86,672.57,288.2,220.52,973.29,484.59
533,386.88,395.5,342.57,40.76,107.86,130.17
534,210.39,102.84,479.36,846.48,26.49,433.7
535,702.27,661.48,789.53,249.48,18.47,49.54
536,873.74,897.01,785.93,567.46,785.27,322.71
537,912.4,76.19,949.83,269.3,763.24,343.92
538,33.07,855.29,630.52,20.55,631.77,550.08
539,285.61,492.17,135.09,992.36,929.75,587.75
540,943.86,430.41,170.8,157.28,581.41,882.84
541,698.65,974.27,320.95,383.33,61.57,717.61
542,220.39,439.11,205.11,824.97,44.22,84.9
543,34.13,508.39,96.32,937.38,3.05,666.24
544,331.44,193.62,902.7,873.96,421.06,29.88
545,625.77,402.23,674.23,324.51,580.06,159.29
546,255.03,184.58,618.38,821.11,778.17,469.01
547,236.33,603.78,293.66,724.07,787.2,497.46
548,538.7,355.29,564.76,46.87,229.22,987.97
549,621.31,632.18,755.57,532.17,794.4,982.28
550,903.12,642.98,770.24,197.06,377.46,527.35
551,692.84,982.41,284.79,293.21,530.82,956.53
552,809.67,427.66,998.96,804.94,779.67,66.54
553,768.19,67.82,586.37,865.68,516.36,823.99
554,26.28,85.06,530.57,139.83,962.31,818.42
555,382.6,511.99,55.74,258.66,994.88,899.99
556,317.99,903.7,683.72,817.07,528.35,117.5
557,322.12,678.76,481.45,905.36,641.92,104.86
558,287.3,712.12,435.76,661.67,351.88,970.69
559,485.68,647.76,318.57,393.88,106.5,512.99
560,81.79,613.47,857.58,356.39,647.37,159.15
561,56.91,669.72,887.39,54.99,144.25,561.42
562,88.11,435.18,868.89,97.61,246.9,7.22
563,55.05,808.38,978.31,926.95,966.02,591.05
564,959.26,678.11,869.32,376.54,324.71,522.36
565,27.31,366.42,596.03,249.64,685.08,635.95
566,316.77,175.66,697.07,768.27,739.61,868.67
567,925.43,172.23,532.26,351.57,230.39,164.13
568,608.25,724.5,251.93,986.67,417.61,666.45
569,127.63,350.84,523.58,181.32,157.48,138.78
570,280.6,565.21,745.12,212.58,311.52,18.93
571,158.24,515.75,58.94,778.72,217.53,641.28
572,559.5,857.12,341.41,601.82,665,126.77
573,654.41,596.59,775.74,997.04,903.71,655.19
574,676.84,488.24,183.22,369.46,291.32,164.82
575,592.33,823.99,277.92,192.22,794.26,980.62
576,304.02,195.68,327.67,679.47,50.27,793.99
577,440.46,135.63,560.37,855.82,137.25,402.77
578,843.28,619.12,573.09,952.25,74.95,222.84
579,124.78,3.89,125.25,949.64,591.02,773.03
580,302.51,635.18,475.94,752.79,243.53,989.85
581,320.21,683.12,328.8,828.98,995.06,894
582,707.89,596.69,295.12,951.72,887.35,124.29
583,223.06,21.42,933.87,484.8,685.72,714.81
584,281.82,587.55,258.82,73.03,485.44,278.59
585,991.98,443.13,144.73,59.39,454.73,419.93
586,812.2,418.36,225.88,433.29,54.14,832.24
587,505.16,184.17,473.72,790.31,605.04,22.67
588,157.47,120.4,782.09,46.9,270.4,827.75
589,22.61,606.23,320.48,64.13,601.32,839.06
590,98.86,193.55,206.61,748.2,418.85,5.51
591,880.11,368.21,409.4,720.16,598.42,560.87
592,104.48,832.98,906.89,355.02,899.56,335.1
593,857.55,311.07,824.03,190.4,689.23,735.99
594,278.93,839.64,774.27,760.46,912.82,272.59
595,645.96,143.27,69.24,576.67,459.38,247.43
596,387.11,883.01,604.88,117.3,82.19,816.86
597,150.23,435.24,203.6,958.4,39.99,936.47
598,889.56,244.17,839.65,770.99,466.34,175
599,2.96,670.65,35.49,143.51,470.46,26.73
600,357.97,951.1,699.6,32.25,858.23,407.89
601,78.31,961.39,371.78,781.32,849.93,688.07
602,255.82,934.68,904.1,918.39,325.1,102.17
603,631.3,216.94,955.05,388.91,263.25,956.72
604,290.18,695.69,49.59,669.86,39.33,27.26
605,955.4,889.67,343.32,398.86,991.99,527.43
606,919.02,481.45,443.83,884.29,870.97,833.21
607,532.39,778.55,698.33,575.13,133.38,592.73
608,595.37,318.71,862.37,595.31,15.64,135.4
609,391.67,910.23,434.44,528.14,702.24,25.14
610,431.43,346.63,189.87,577,52.56,307.8
611,984.17,212.21,717.33,657.74,890.93,298.13
612,653.78,280.07,592.21,567.17,349.69,580.57
613,884.8,404.03,909.03,901.97,382.09,352.35
614,601.01,952.29,648.85,380.33,555.75,259.49
615,825.65,434.96,368.44,898.18,714.09,816.45
616,489.63,954.88,216.76,840.27,758.68,308.73
617,490.18,117.06,750.31,923.46,70.68,206.41
618,835.99,485.67,574.28,932.23,721.01,347.19
619,10.92,914.1,533.87,997.14,189.63,192.38
620,219.05,646.4,182.13,209.64,283.57,370.39
621,249.82,890.5,445.97,337.39,165.07,862.21
622,272.71,489.85,624.6,836.94,371.8,892.86
623,831.1,972.02,179.6,800.9,183.73,508.16
624,285.51,92.95,752.06,683.1,415.93,216.81
625,43.2,978.44,486.13,483.66,102.88,99.65
626,374.83,553.31,207.03,625.04,139.82,676.17
627,680.95,972,44.3,149.62,641.36,636.59
628,312.8,170.66,450.03,976.88,16.38,690.95
629,437.22,263.07,827.05,28.33,488.42,585.6
630,434.04,420.11,446.58,70.31,173.15,998.59
631,709.22,310.19,921.84,951.03,608.31,554.42
632,910.05,135.12,378.14,681.05,221.7,934.74
633,944.6,486.65,785.23,193.68,704.91,383.83
634,902.46,382.59,294.63,772.56,435.63,594.6
635,18.7,160.81,574.82,90.68,925.16,661.81
636,773.49,411.81,981.7,790.97,313.1,595.31
637,949.93,179.65,154.52,922.22,969.21,102.81
638,352.2,998.43,770.73,371.46,611.19,98.53
639,207.26,690.24,974.48,982.04,367.6,464.66
640,803.18,573.5,282.95,128.5,145.02,231.41
641,587.3,38.08,649.03,274.63,833.84,911
642,232.01,512.7,698.83,819.5,452.46,944.61
643,333.88,73.5,614.21,998.86,538.53,791.86
644,647.01,324.47,599.16,59.19,694.3,655.62
645,294.09,891.71,545.68,653.69,100.31,255.8
646,3.36,812.94,485.39,820.75,934.81,820.17
647,874.58,651.38,622.32,922.12,771.62,630.76
648,690.08,299.89,160.6,404.3,429.56,988.65
649,711.68,590.14,285.63,81.1,210.24,904.89
650,262.92,501.52,916.81,467.05,99.12,996.61
651,91.33,152.95,985.37,540.95,709.21,954.66
652,721.33,354.67,520.63,564.58,520.82,787.2
653,684.83,630.58,167.48,384.88,298.87,650.63
654,943.09,165.14,9.06,666.65,93.59,189.77
655,330.21,749.33,284.62,78.43,170.46,630.64
656,458.67,115.11,494,81.78,221.49,570.27
657,87.01,713.34,724.52,738.86,80.95,555.83
658,591.75,770.14,259.99,171.48,926.18,224.81
659,720.7,413.04,1000.01,877.2,192.24,165.76
660,385.03,293.19,697.32,894.16,85.84,205.72
661,110.55,195.62,899.58,144.34,116.54,673.14
662,304.29,624.77,200.41,392.53,828.4,436.7
663,55.79,944.91,128.79,48.68,592.67,255.82
664,552.06,909.14,4,794.82,385.17,558.89
665,105.57,494.36,21.07,14.19,484.62,643.7
666,420.49,70.96,917.8,187.76,589.68,106.89
667,668.27,217.95,659.92,222.17,251.36,897.58
668,821.88,580.41,375.44,166.96,774.15,772.09
669,169.52,619.93,377.81,857.9,255.47,448.45
670,78.69,513.06,961.63,271.95,488.26,243.68
671,629.3,4.01,462.55,93.12,623.59,243.26
672,31.73,259.24,618.2,447.31,802.71,648.34
673,254.42,212.68,893.98,853.58,612.52,203.1
674,856.35,634.34,75.4,639.39,913.98,638.54
675,645.25,714.49,227.32,864.3,398.52,219.07
676,700.5,198.49,885,444.16,185.18,252.15
677,792.09,647.93,885.92,696.57,966.2,470.39
678,565.82,419.94,612.52,589.76,459.16,125.31
679,122,139.3,127.83,686.66,391.15,732.16
680,373.97,358.09,535.72,63.7,892.45,437.18
681,935.48,700.11,461.95,89.07,575.18,998.12
682,61.47,731.59,159.09,606.76,509.52,162.17
683,419.17,476.27,983.15,900.03,934.5,116.05
684,518.16,498.89,600.28,872.8,491.89,479.03
685,609.85,139.71,468.49,308.22,838.21,479.86
686,470.19,268.05,167.73,157,895.93,497.47
687,437.11,783.84,332.88,974.58,788.78,885.79
688,893.17,682.7,660.62,617.22,249.55,662.14
689,553.73,882.42,813.19,89.32,865.68,446.25
690,571.91,961.4,628.17,468.77,537.04,925.76
691,939.12,100.32,58.63,45.91,267.62,703.8
692,822.05,293.16,755.67,592.95,722.06,527.67
693,647.65,989.21,351.03,622.61,288.29,911.91
694,969.3,327.63,677.44,568.51,435.07,883.11
695,567.93,118.07,162.46,824.41,801.94,904.07
696,663.75,978.32,598.32,397.27,168.02,891.2
697,994.35,496.7,172.88,644.61,852.82,268.07
698,929.92,440.06,852.87,50.95,948.04,721.9
699,642.95,130.59,883.46,232.71,117.68,165.11
700,51.43,882.35,10.72,304,804.15,1000.87
701,458.18,555.76,125.65,164.7,651.32,168.44
702,20.14,316.93,722.87,987.85,776.12,219.4
703,999.85,544.69,280.76,664.35,216.81,768.69
704,64.6,738.65,942.31,435.37,241.51,959.44
705,225.41,489,7.73,413.17,181.09,719.66
706,536.86,240.24,305.3,424.38,168.68,801.2
707,403.88,993.77,509.44,155.03,358.86,702.27
708,244.38,514.89,699.03,736.54,657,112.68
709,678.06,638.51,236.31,930.68,78.4,448.06
710,680.88,659.4,540.95,749.19,838.65,795.16
711,366.83,693.62,500.15,778.92,357.56,937.06
712,913.93,370.97,59.7,206.07,180.46,116.59
713,389.12,776.32,206.18,324.5,826.76,127.45
714,789.27,545.12,351.61,170.56,520.82,543.39
715,876.95,375.62,63.67,538.09,229.84,447.18
716,73.06,557.87,741.81,447.39,76.4,386.46
717,489.87,143.32,274.31,489.4,178.6,25.23
718,403.12,482.96,162.67,268.76,417.9,395.83
719,592.49,995.87,901.54,180.55,233.39,790.21
720,665.22,985.2,382.67,559.5,104.63,679.95
721,694.41,726.36,485.5,233.2,218.29,845.28
722,162.6,954.96,856.18,350.86,724.62,642.87
723,328.11,218.69,590.57,934.42,282.64,350.44
724,390.6,471.96,731.87,79.45,373.22,286.52
725,961.68,330.92,673.65,154.04,152.8,383.2
726,826.35,257.25,194.58,363.05,394.59,553.68
727,269.53,528.93,905.1,835.62,742.88,808.65
728,208.41,531.08,149.15,102.11,939.2,609.02
729,894.44,600.72,358.74,627.1,813.64,849.35
730,782.84,68.47,296.93,610.27,882.81,373.4
731,399.64,450.65,241.76,837.83,687.67,219.94
732,51.64,500.13,523.75,315.19,507.6,434.62
733,216.93,733.69,927.96,565.43,516.49,651.76
734,720.17,108.82,661.31,974.6,868.72,629.44
735,103.79,97.41,354.61,996.57,771.35,72.85
736,682.38,472.39,988.85,603.08,21.22,918.95
737,395.67,547.16,455.97,260.01,716.04,196.16
738,80.65,600.2,730.17,847.85,175.71,862.74
739,218.32,495.88,784.79,19.69,176.19,815.66
740,303.64,614.07,564.16,364.42,152.13,279.05
741,254.56,721.62,526.8,783.3,982.71,908.09
742,168.92,53.44,699.12,816.33,107.63,291.31
743,361.69,148.85,609.06,591.92,803.52,16.05
744,723.29,569.16,752.64,355.84,500.84,791.55
745,680.95,53.77,706.01,586.3,113.17,51.04
746,970.88,386.87,637.15,146.59,668,810.82
747,378.15,108.78,99.2,428.99,376.37,521.98
748,201.03,447.5,199.67,41.58,762.44,896.66
749,750.39,930.4,903.77,338.56,334.7,741.78
750,590.8,782.89,969.71,567.48,177.43,121.31
751,855.57,740.21,347.48,29.24,964.33,699.74
752,944.61,716.75,78.18,290.54,638.55,532.11
753,281.73,865.98,382.74,974.45,858.48,377.65
754,622.63,506.3,471.86,379.7,919.67,427.4
755,308.91,16.56,513.83,146.6,793.78,821.32
756,839.95,499.52,594.7,183.11,120.03,93.57
757,840.2,435.57,698.12,644.54,424.64,540.28
758,685.28,524.43,997.98,133.1,727.49,589.03
759,282.06,516.46,475.72,333.39,309.86,165.61
760,638.57,434.06,808.16,334.84,672.92,140.02
761,837.74,784.55,987.84,629.37,14.55,156.57
762,141.27,383.99,281.29,957.28,912.07,529.67
763,31.11,281.05,950.38,662.79,975.42,639.68
764,476.95,654.56,364.31,226.53,559.68,744.46
765,819.07,479.51,622.07,991.26,719.52,134.87
766,758.75,96.99,434.58,655.72,838.15,971.29
767,125.89,690.49,302.61,309.66,129.5,822.51
768,139.36,964.05,927.34,964.36,37.28,817.11
769,438,868.77,499.97,427.26,270.12,669.34
770,545.52,818.02,132.54,591.84,371.66,830.44
771,473.85,401.71,137.89,299.85,73.98,386.73
772,254.74,518.21,923.59,621.05,298.28,58.29
773,410.79,871.42,359.4,247.18,204.75,911.85
774,478.23,45.93,918.88,104.95,73.39,196.22
775,741.54,618.05,108.29,193.88,55.49,284.52
776,897.94,996.14,868.18,741.22,832.22,282.73
777,684.22,642.09,655.32,210.5,447.07,878.77
778,457.69,162.02,876.3,300.35,451.58,389.32
779,158.87,854.09,722.93,963.19,562,590.37
780,414.89,907.04,12.29,718.94,990.07,647.25
781,850.28,523.06,8.7,849.89,643.27,502.71
782,753.46,471.67,820.98,953.8,602.27,71.76
783,131.89,831.88,555.95,17.82,68.67,796.91
784,632.68,4.65,946.21,271.06,272.72,324.18
785,531.78,245.41,297.76,333.53,925.15,875.65
786,121.6,167.4,750.45,160.7,69.66,149.24
787,818.22,704.51,291.54,947.95,616.66,48.46
788,658.52,77.5,1.82,599.77,21.48,298.91
789,906.11,320.33,203.14,687.42,35.42,67.71
790,577.14,656.85,293.57,767.52,240.68,806.39
791,470.51,813.51,777.81,183.38,990.64,848.46
792,922.73,97.37,56.79,835.7,232.18,39.48
793,285.92,275.92,854.08,42.85,669.26,453.16
794,700.11,894.25,995.75,273.16,278.11,905.68
795,625.02,860.39,552.04,682.95,871.43,886.37
796,405.61,331.62,604.05,12.91,147.84,740.86
797,110.51,559.65,280.46,21.32,171.39,118.35
798,996.86,86.24,803.78,576.26,450.98,571.82
799,336.88,571.58,600.01,323.17,477.43,613.17
800,128.5,161.25,211.34,269.47,893.03,659.45
801,78.43,240.03,716.86,643.61,464.92,669.08
802,116.42,702.42,960.73,425.74,161.36,250.77
803,86.9,495.31,104.16,231.34,686.81,775.56
804,938.61,180.1,264.44,309.38,763.95,345.87
805,369.19,248.71,585.78,6.56,635.06,661.1
806,463,815.74,959.46,909.74,604.75,625.38
807,457.83,514.77,962.99,568.91,126.58,431.56
808,664,388.28,111.38,222.46,522.37,400.64
809,388.69,558.48,36.87,959.98,948.87,867.79
810,85.61,455.07,643.59,470.15,132.22,870.77
811,408.2,535.95,57.96,653.17,97.24,300.24
812,824.33,61.44,352.29,416.18,422.74,501.66
813,506.89,731.69,939.91,435.99,5,98.26
814,934.61,890.09,808.45,282.76,784.7,240.19
815,639.39,223.22,392.17,666,293.79,170.16
816,147.92,144.75,867.66,547.21,869.74,242.44
817,924.14,70.79,856.88,860.82,239.45,719.51
818,840.81,286.55,650.14,172.25,286.65,484.66
819,365.69,855.43,199.71,907.18,961.98,712.54
820,352.73,61.28,733.18,435.38,166.34,824.34
821,873.48,641.55,95.26,257.1,181.67,166.09
822,140.55,278.6,277.41,954.54,642.36,20.44
823,69.87,557.64,377.34,936.66,583.37,159.35
824,818.11,611.83,496.06,423.26,97.81,228.56
825,362.4,636.79,985.78,756.69,253.84,961.79
826,880.66,306.29,11.42,920.92,882.76,163.51
827,562.22,214.84,434.58,625.89,353.23,600.67
828,275.35,18.87,821.05,319.02,941.02,415.93
829,394.52,98.75,701.09,682.13,322.86,967.76
830,57.15,584.83,710.03,131.9,347.63,347.67
831,117.61,705.33,609.15,577.56,770.05,967.37
832,807.95,478.76,765.57,340.91,916.91,430.12
833,35,821.47,467.61,935.93,16.58,585.35
834,397.39,249.03,231.4,33.55,833.91,384.59
835,270.69,321.67,43.41,267.87,777.76,300.44
836,600.71,498.32,833.42,588.22,82.87,285.72
837,381.32,152.24,597.05,515.07,163.55,712.78
838,602.63,529.67,261.05,802.05,337.52,648.52
839,135.13,347.57,505.25,68.13,554.16,761.58
840,616.69,76.64,541.11,406.9,236.11,597.92
841,716.25,998.78,998.51,837.05,149.6,580.11
842,709.44,57.58,882,138.87,797.49,318.39
843,161.44,863.88,437.45,595.54,298.43,695.95
844,47.82,535.2,937.18,468.84,566.77,903.72
845,487.68,10.48,11.95,802.79,882.71,464.54
846,714.77,926.04,266.35,362.92,446.89,101.81
847,249.73,178.41,980.53,331.45,247,138.82
848,894.74,923.61,898.02,101.78,306.25,229.55
849,242.46,265.16,619.06,244.41,621.9,115.22
850,520.61,438.72,476.1,434.65,345.77,582.64
851,699.36,214.97,329.42,125.64,922.92,185.71
852,620.8,818.92,287.73,296.26,424.89,844.18
853,68.31,536.83,687.43,541.56,207.03,161.72
854,966.78,370.6,180.05,70.01,981.81,888.06
855,985.06,815.37,254.87,525.31,653.47,884.96
856,245.86,482.49,837.06,683.85,728.85,928.38
857,22.76,911.28,894.28,452.26,379.91,292.25
858,261.6,870.39,792.5,394.62,436.6,578.98
859,819.31,302.62,365.56,135.47,629.28,586.32
860,477.06,586.51,189.79,187.94,203.97,514.1
861,596.86,477.18,688.39,738.15,819.57,849.19
862,266.96,567.39,528.52,894.24,851.27,154.6
863,633.98,772.29,343.67,523.91,335.58,305.34
864,4.63,962.32,937.83,40.87,523.74,430.85
865,87.87,485.42,605.71,976.83,791.69,855.77
866,320.95,216.9,462.54,819.18,395.88,647.14
867,44.36,790.67,555.59,665.73,188.19,779.53
868,260.51,50.94,14.44,800.19,820.67,175.95
869,289.68,86.93,486.74,878.09,385.05,692.05
870,843.66,775.71,326.49,717.3,246.05,747.95
871,39.37,573.02,884.96,992.44,498.44,62.24
872,564.77,965.72,974.13,448.16,484.64,168.63
873,106.69,151.22,550.68,840.59,146.99,600.76
874,168.18,309.35,611.75,945.12,320.91,692.85
875,132.22,956.75,669.04,804.31,99.52,833.68
876,513.64,692.46,202.83,836.67,34.79,467.75
877,837.83,61.95,491.91,924.97,921.03,723.36
878,706.47,241.67,333.58,109.4,162.65,288.95
879,194.77,846,832.96,914.13,278.36,178.3
880,993.85,266.3,932.1,506.21,519.16,735.47
881,756.46,761.65,602.13,253.7,761.8,930.91
882,140.45,12.61,139.18,986.04,793.7,186.72
883,403.5,916.13,67.94,758.84,592.27,519.75
884,569.86,910.55,226.8,462.48,400.38,471.8
885,490.07,349.44,495.33,946.55,213.67,562.06
886,145.98,886.93,89.05,903.55,911.32,349.05
887,213.95,133.3,297.22,812.63,270.77,27.84
888,65.21,920.15,235.21,773.57,173.21,199.71
889,887.98,625.66,177.31,17.34,235.37,191
890,683.71,505.49,583.52,163.57,859.39,662.36
891,898.25,916.15,783.09,110.38,935.18,540.77
892,746.35,404.4,583.42,991.92,469.82,78.72
893,117.4,84.87,714,872.27,235.1,275.43
894,257.8,148.93,245.29,900.3,400.67,61.18
895,604.91,318.29,411.05,926.97,18.59,21.23
896,673.06,11.53,858.91,123.67,262.83,838
897,519.7,283,841.49,439.1,44.6,641.51
898,224.85,921.72,539.69,84.45,54.62,455.06
899,3.31,706.74,688.1,845.92,813.48,142.8
900,951.52,130.62,889.2,546.52,340.54,682.72
901,488.19,307.13,408.34,36.62,310.8,960.89
902,212.21,581.68,531.01,174.13,536.06,877.69
903,113.94,412.22,737.21,515.29,986.88,610.97
904,144.23,936.01,161.73,545.26,254.68,700
905,122.65,604.71,160.62,780.23,359.3,768.67
906,945.52,584.47,136.08,112.21,951.39,868.74
907,383.41,348.03,233.39,131.72,3.78,6.56
908,294.71,22.52,749.87,100.19,877.83,844.99
909,915.19,117.38,589.6,680.64,690.99,784.79
910,385.28,72.32,469.68,85.07,275.69,904.37
911,662.72,904.16,323.31,483.44,154.48,752.38
912,349.51,545.81,839.51,792.51,120.23,48.93
913,494.63,436.73,830.89,198.26,662.79,842.56
914,849.69,993.13,204.98,221.63,65.54,448.46
915,720.45,806.62,294.85,96.76,163.12,224.43
916,426.89,463.86,336.41,917.85,744.85,454.52
917,560.77,371.84,347.16,478.49,887.46,654.1
918,931.09,508.42,206.45,241.85,97.9,477.7
919,70.75,694.17,530.97,499.95,784.94,613.56
920,975.22,992.04,31.18,640.66,815.16,164.31
921,443.64,368.71,309.47,794.18,475.48,928.03
922,103.75,975.98,213.2,897.95,627.17,221.62
923,922.26,271.36,310.65,194.26,839.61,606.81
924,921.61,192.21,569.66,306.95,577.97,285.22
925,114.37,79.12,60.61,662.05,495.94,131.15
926,430.96,23.02,719.28,63.28,581.87,866.22
927,170.33,303.05,714.31,125.64,44.61,224.72
928,269.2,382.2,568.11,72.61,148.7,622.15
929,207.96,118.29,476.31,495.25,142.76,999.37
930,537.27,499.95,554.62,140.82,406.89,371.94
931,205.88,365.04,877.2,909.15,684.26,67.97
932,75.83,930.77,254.61,871.12,939.87,528.04
933,965.57,479.38,977.68,604.3,481.34,131.44
934,828.54,8.92,862.82,287.14,525.29,237.33
935,756.9,352.81,472.75,266.67,602.06,668.66
936,305.3,642.33,366.81,262.9,150.11,551.38
937,685.93,544.15,267.66,471.12,141.2,819.71
938,234.81,898.98,703.43,619.35,260.67,683.89
939,972.41,920.79,551.04,161.5,276.5,268.32
940,966.54,433.01,540.89,296.02,849.83,230.78
941,988.99,276.3,542.26,416.25,689.07,81.92
942,61.36,536.75,551.38,662.86,876.72,471.67
943,245.19,735.22,27.55,627.57,144.62,553.34
944,317.55,899.29,159.62,148.85,134.71,666.26
945,639.01,601.57,3.43,170.56,169.11,674.22
946,899.26,171.61,455.02,126.52,41.08,375.47
947,667.94,125.57,277.57,588.52,173.41,926.18
948,347.17,225.28,56.53,39.08,275.67,845.26
949,614.54,86.87,650.13,139.51,623.98,409.85
950,77.75,505.38,753.07,662.69,220.52,187.93
951,565.18,471.62,496.51,688.74,68.75,258.09
952,901.44,883.87,11.97,101.89,23.79,807.6
953,312.02,480.99,638.57,392.65,630.55,567.17
954,766.66,824.03,322.2,202.44,765.39,245.91
955,681.82,844.75,490.14,353.17,540.84,358.32
956,996.87,152.58,349.22,145.44,415.19,432.89
957,786.82,394.63,882.51,910.09,175.42,483.08
958,677.51,669.24,572.3,150.32,206.55,556.93
959,81.34,660.11,773,549.49,697.7,139.11
960,678.68,627.11,47.93,650.03,185.12,539.73
961,136.93,60.6,873.87,864.12,804.85,492.13
962,577.61,736.02,620.18,620.76,195.53,119.69
963,67.28,165.85,615.1,90.88,308.83,684.08
964,74.29,425.09,574.13,378.91,401.03,360.78
965,986.88,577.37,125.76,864.39,706.5,967.99
966,20.75,738.09,25.96,389.56,90.15,648.93
967,697.3,682.84,418.49,166.91,552.51,284.78
968,831.85,611.21,567.01,647.52,763.18,953.77
969,902.81,902.2,871.31,274.34,675.62,560.84
970,25.91,488.08,538.57,152.7,95.93,605.53
971,794.37,225.92,167.4,384.11,815.13,722.54
972,175.3,605.75,94.01,843.81,188.85,446.31
973,280.98,543.24,105.28,664.85,769.98,163.15
974,689.58,292.2,73.43,808.63,199.66,188.83
975,756.74,764.35,186.01,938.87,457.65,410.81
976,969.31,807.18,373.63,504.46,121.47,225.61
977,627.12,736.22,480.24,507.48,54.12,698.03
978,789.47,439.82,788.42,280.01,84.29,286.19
979,475.88,147.29,519.8,86.13,499,285.49
980,330.24,654.39,78,382.18,372.18,391.08
981,249.51,93.12,636.7,778.33,858.94,96.42
982,41.8,443.66,823.09,607.93,593.12,662.79
983,982.27,832.23,220.88,26.88,52.87,231.93
984,772.7,383.34,503.15,810.56,650.17,148.35
985,12.13,759.35,615.24,125.24,655.32,343.24
986,337.38,499.57,310.51,405.56,606.45,634.89
987,651.14,320.36,540.04,916.47,844.07,142.07
988,14.93,44.93,120.39,319.95,542.7,257.02
989,468.51,591.93,751.04,386.11,839.8,956.64
990,983.68,246.59,93.03,929.54,484.89,582.5
991,479.62,671.38,35.32,648.36,594.7,339.74
992,370.62,390.24,193.27,652.07,409.75,416.37
993,670.89,202.22,16.96,775.33,446.65,633.42
994,845.8,812.35,479.57,717.32,670.79,708.38
995,50.34,990.14,155.53,439.41,483.26,435.12
996,98.16,31.89,575.16,257.92,749.76,659.65
997,868.45,679.89,398.58,49.8,863.62,860.87
998,280.91,238.55,631.5,479.11,382.13,976.46
999,525.96,792.86,60.63,383.35,631.27,864.89
1000,353.69,878.56,273.63,667.96,92.7,214.1